feature,importance
quote_signal,5295
lane_prior_rpm,4627
quote_div_market,3599
weight_per_mile,3508
quote_x_market,3447
tortuosity,3443
dayofyear,3419
weight_clean,3394
market_index_clean,3250
center_lat,2970
center_lon,2643
cos_doy,2579
dryvan_x_quote,2291
day,2245
abs_delta_lat,2192
sin_doy,2118
ton_miles,1969
dryvan_x_base,1909
bearing_sin,1864
manhattan_coord_dist,1807
market_adjusted_base,1731
base_rate_est,1656
delivery_prior_rpm,1642
bearing,1592
pickup_lat,1565
delta_lat,1533
delivery_lat,1512
pickup_prior_rpm,1479
bearing_cos,1473
dryvan_x_weight,1472
pickup_lon,1458
abs_delta_lon,1457
delivery_lon,1430
reefer_x_quote,1405
distance,1373
delta_lon,1227
flatbed_x_quote,1213
reefer_x_weight,1092
haversine_dist,1045
dayofweek,859
month,824
flatbed_x_base,770
log_weight,729
flatbed_x_weight,646
reefer_x_base,630
cos_dow,592
sin_dow,574
weekofyear,353
is_quarter_end,298
equipment_cat,297
log_distance,237
is_month_end,38
is_weekend,34
weight_was_null,28
is_medium_haul,27
is_reefer,26
is_flatbed,26
is_dry_van,24
is_month_start,24
is_light,15
market_index_was_null,12
weight_was_neg,6
is_heavy,4
is_long_haul,2
is_short_haul,1
holiday_rush,0
